objid,ra,dec,z,class
1237648721230889183,180.356095745382,-0.104167682636148,0.1647236,GALAXY
1237674651002601705,180.356521158387,0.545372507508324,0.07770932,GALAXY
1237648720694018149,180.362532423057,-0.447288059050575,0.1685821,GALAXY
1237648722304630976,180.372735668131,0.667210891549791,0.1252062,GALAXY
1237648721767760005,180.374550557902,0.35133402314153,0.1050408,GALAXY
1237648721767760012,180.375913427651,0.408129145249099,0.06206989,GALAXY
1237648720694018238,180.377696390261,-0.498357693498072,0.168251,GALAXY
1237674651002601734,180.382290571531,0.624680068159454,0.1298918,GALAXY
1237674651539472531,180.383504861701,0.959203264835067,0.08202603,GALAXY
1237674649928859693,180.383543988972,-0.370014486433727,0.166103,GALAXY
1237648721767629053,180.108250729352,0.299624443086813,0.08105004,GALAXY
1237648721230758728,180.111753684018,-0.103089919444105,0.2574528,GALAXY
1237674651002470651,180.11414667107,0.564082206671831,0.1241733,GALAXY
1237648721230757963,180.114453771126,-0.0833140240653499,0.2000254,GALAXY
1237674649391858040,180.115571499517,-0.776767666648042,0.2410174,GALAXY
1237648720693887226,180.118331739998,-0.540876706542952,0.168568,GALAXY
1237648721230757970,180.11865520734,-0.105316866657825,0.2578151,GALAXY
1237648721230758103,180.120315430873,-0.123569091218079,0.08124281,GALAXY
1237648720693887233,180.12245048728,-0.552402297254436,0.08250542,GALAXY
1237648721767628903,180.128878215399,0.32353477810865,0.2488444,GALAXY
1237674649392119972,180.739934668614,-0.781592901338854,0.1695229,GALAXY
1237674650465861978,180.740947472945,0.0599569691763944,0.07968453,GALAXY
1237648721231085660,180.741283498678,-0.195759724583834,0.0933985,GALAXY
1237674650465861984,180.741728576154,0.141301444981331,0.07883989,GALAXY
1237674650465861987,180.742694893401,0.030232129437809,0.07976266,GALAXY
1237674651539669033,180.748471702646,0.864691699531923,0.07852136,GALAXY
1237648721231085667,180.749362428676,-0.0786669607746668,0.1516144,GALAXY
1237674649392185459,180.750342113609,-0.838210925567527,0.09272203,GALAXY
1237674651539669047,180.757374038251,0.898752238558923,0.0833628,GALAXY
1237648722304827600,180.852523830752,0.662060167811493,0.1333165,GALAXY
1237648721231085835,180.863950873594,-0.0423636632867321,0.2143535,GALAXY
1237674650465927309,180.86820384582,0.0601393102856767,0.08192924,GALAXY
1237674649391726749,179.80501528928,-0.824921726737501,0.1297003,GALAXY
1237674649391726755,179.808440019543,-0.809222372933705,0.1748664,GALAXY
1237654670822408375,179.808721990944,0.518460118796186,0.1743532,GALAXY
1237674651539210449,179.82556934767,0.853760985042063,0.07707581,GALAXY
1237648721767563454,179.965637701757,0.265375419758974,0.07670525,GALAXY
1237674651002404907,179.978631211633,0.616945233036523,0.1066707,GALAXY
1237648721767891045,180.639736460403,0.275094624948144,0.1801139,GALAXY
1237674649928335500,179.126459148223,-0.218346489781526,0.1103917,GALAXY
1237648720156622982,179.131917366043,-0.871833422874711,0.1093556,GALAXY
1237674649928335507,179.135726360289,-0.211307600496685,0.1069745,GALAXY
1237674649928335519,179.140463296717,-0.356816374396051,0.1077927,GALAXY
1237674649391464729,179.144575810076,-0.819508335199178,0.1410789,GALAXY
1237674649928335947,179.151164844024,-0.32260224635276,0.2761872,GALAXY
1237648720693559973,179.335289374201,-0.559149166182476,0.1300647,GALAXY
1237648722304172319,179.336670046012,0.664413822831553,0.2002206,GALAXY
1237674650465337643,179.515878285418,0.0985503442340148,0.2531746,GALAXY
1237648720693624990,179.516442630706,-0.520749179033345,0.1274713,GALAXY
1237674650465338142,179.521429045805,0.0821212795363102,0.269323,GALAXY
1237674651002208376,179.522508943713,0.537633296006609,0.1687199,GALAXY
1237674651539079235,179.525479171582,0.853832365382731,0.2815042,GALAXY
1237648720693690521,179.539474487257,-0.595325929517885,0.08446588,GALAXY
1237648720693756176,179.754212141942,-0.545451447409319,0.0768301,GALAXY
1237674651539210391,179.760475311543,0.852762092450381,0.1311904,GALAXY
1237674650465468685,179.761242785875,0.190790197847586,0.178575,GALAXY
1237648721767497878,179.762035409737,0.285591089762163,0.1683328,GALAXY
1237674651539210483,179.772157486904,0.956837559696762,0.259335,GALAXY
1237654670822342719,179.774042795737,0.563153390573342,0.07863547,GALAXY
1237648720693756185,179.774918351052,-0.444891118871527,0.1774526,GALAXY
1237648720693821710,179.85927482977,-0.43209395825067,0.08288149,GALAXY
1237674650465534375,179.860377017781,0.100612856639923,0.2012674,GALAXY
1237648720156950691,179.870203039293,-0.925879177616613,0.1296097,GALAXY
1237674651539275892,179.870725572485,0.938854210894913,0.1638445,GALAXY
1237648722304434271,179.877674964265,0.647705002523709,0.08554301,GALAXY
1237674649928663552,179.879519617125,-0.392664118887629,0.2284013,GALAXY
1237674649391792192,179.880787046641,-0.78214785181047,0.1500178,GALAXY
1237648720156950712,179.88472168623,-0.996055449108469,0.07465415,GALAXY
1237648721767563385,179.887378637212,0.372857518479586,0.1983512,GALAXY
1237674649391792330,179.983636316233,-0.683068031344394,0.08007734,GALAXY
1237648722304499821,179.991076795617,0.774467974423368,0.1053644,GALAXY
1237674649928663314,179.996017910263,-0.259776680527013,0.103913,GALAXY
1237648720693887114,179.998441209699,-0.464161711738539,0.0803973,GALAXY
1237648721767628921,180.000002112472,0.414892810314718,0.0857684,GALAXY
1237674649928728657,180.011622589392,-0.405577254917108,0.0798995,GALAXY
1237648721230889136,180.331286598997,-0.108861712157105,0.1620177,GALAXY
1237674651002601681,180.332090319814,0.503196396309602,0.1570069,GALAXY
1237674649928859820,180.338561234815,-0.326361919721859,0.08312489,GALAXY
1237674649928859823,180.340532672694,-0.234941769711031,0.1787405,GALAXY
1237674649928270134,179.097223359315,-0.364086560666979,0.1062687,GALAXY
1237648721230364858,179.116469102641,-0.149325472991786,0.1066857,GALAXY
1237674650465206383,179.11864358444,0.0638328087313151,0.06454202,GALAXY
1237648721230561378,179.602317090801,-0.0586814638086186,0.2583147,GALAXY
1237648721230561497,179.602877454702,-0.0667072695034991,0.2560571,GALAXY
1237648721230561496,179.603262545789,-0.0738253894116274,0.1072874,GALAXY
1237648722304303234,179.608826700494,0.713105540407175,0.07850849,GALAXY
1237674649928532572,179.608906042608,-0.265303663667123,0.2021609,GALAXY
1237648720693690572,179.611197134167,-0.552533368892136,0.1266351,GALAXY
1237674649391661291,179.61376335731,-0.772347960362847,0.124537,GALAXY
1237674649391661303,179.6147287788,-0.660076080075406,0.124821,GALAXY
1237674649928532272,179.618519714055,-0.278100219636839,0.2438032,GALAXY
1237648722304303236,179.623547423665,0.712801187948889,0.2021022,GALAXY
1237648720156819511,179.625600879929,-0.994070656793397,0.1207138,GALAXY
1237674649391661786,179.62685307582,-0.652163078880326,0.1635484,QSO
1237648720156819646,179.627716818374,-0.907505847605755,0.1230024,GALAXY
1237648721230627123,179.780804898852,-0.0230522853114168,0.2493847,GALAXY
1237648722304368800,179.782005189581,0.742893321293957,0.1326017,GALAXY
1237674650465468698,179.784691106026,0.171016065903653,0.1066423,GALAXY
1237654670822342814,179.788046543343,0.494445160566108,0.07842757,GALAXY
1237674649928597665,179.790449439799,-0.313989089886828,0.1793208,GALAXY
1237648720693756261,179.798480635344,-0.425870507411666,0.08390094,GALAXY
1237674649391726741,179.802485849535,-0.750320262891357,0.1754213,GALAXY
1237648722304368825,179.802754598071,0.706399330583579,0.0621082,GALAXY
1237674649391923314,180.18693464561,-0.776318748803158,0.2632965,GALAXY
1237648721230823571,180.187309512052,-0.156736182606768,0.1656666,GALAXY
1237648721230823569,180.18769604337,-0.16409285054786,0.1630622,GALAXY
1237648721767694514,180.188465325083,0.231263468955005,0.07669608,GALAXY
1237648720157081743,180.18941232363,-0.862737373404934,0.0765324,GALAXY
1237674651002536090,180.193107369641,0.612748767218586,0.1093318,GALAXY
1237648721230823618,180.194075015598,-0.0213729366903294,0.1645887,GALAXY
1237648721230823696,180.194347527023,-0.105574585612044,0.1661376,GALAXY
1237648720693952651,180.196108774784,-0.603322648622023,0.0828532,GALAXY
1237674651002536103,180.206584379144,0.602505593635939,0.1102634,GALAXY
1237674651002536108,180.207491733526,0.456853064913152,0.1246424,GALAXY
1237674651002536115,180.208144025697,0.571006346424253,0.08557518,GALAXY
1237674651002536109,180.210135484199,0.456572742757849,0.2282647,GALAXY
1237674649929121898,180.958533902401,-0.298081754332258,0.1097794,GALAXY
1237648721768022286,180.963395365073,0.306096374345975,0.08308575,GALAXY
1237674651002863766,180.968746804913,0.529675939867906,0.1024405,GALAXY
1237648721231151272,180.970200402232,-0.189382351691659,0.1097064,GALAXY
1237674649929121907,180.973953902724,-0.28145093957784,0.09388182,GALAXY
1237648721231151459,180.97977450534,-0.186426434820175,0.2811758,GALAXY
1237674649929121912,180.980373632687,-0.211471898503181,0.1522468,GALAXY
1237648720693821797,179.955873135123,-0.50102108525215,0.1514758,GALAXY
1237648721230364752,179.157441488896,-0.186133916865289,0.1064471,GALAXY
1237648721230364906,179.158149573703,-0.0873595750495431,0.1093337,GALAXY
1237674650465206417,179.159265163951,0.0446020421940542,0.169179,GALAXY
1237648720693494556,179.163248506324,-0.526698971719524,0.1252853,GALAXY
1237648720156623007,179.166835526691,-0.857964599861989,0.1688994,GALAXY
1237648720156623012,179.166882971491,-0.984444303990676,0.1268452,GALAXY
1237648721230364930,179.176126448479,-0.0377842039644094,0.1098007,GALAXY
1237674650465272023,179.354617866652,0.0738619912285076,0.1278199,GALAXY
1237674649391530171,179.354610362986,-0.772279452494343,0.1319108,GALAXY
1237648722304172335,179.363538577334,0.745035800349692,0.1309584,GALAXY
1237674650465272036,179.364912593623,0.0965521738489397,0.127262,GALAXY
1237648720156688597,179.365032312276,-0.93401849349813,0.05216184,GALAXY
1237674650465272044,179.370103783807,0.175634023538093,0.1667884,GALAXY
1237674649391530184,179.376353585485,-0.749646998492677,0.126273,GALAXY
1237674649928401705,179.380169303978,-0.226755229295108,0.2758901,GALAXY
1237648722304172344,179.38108155765,0.817124279975115,0.06217614,GALAXY
1237648721230495882,179.387035967775,-0.189822473162816,0.1316228,GALAXY
1237648720693624909,179.389038646666,-0.504567698919578,0.1306114,GALAXY
1237648720156754010,179.392968731437,-0.969936524901649,0.1445516,GALAXY
1237674650465337548,179.486757071307,0.205785084950237,0.1081821,GALAXY
1237674649928466474,179.494705544804,-0.372472922713172,0.2596902,QSO
1237674650465337357,179.495257097526,0.098642377091486,0.07683652,GALAXY
1237648720693624962,179.497026816642,-0.484043943685802,0.125779,GALAXY
1237674650465337563,179.499540836148,0.145103865054492,0.07662292,GALAXY
1237648721230496029,179.50243396744,-0.205920167877128,0.1071919,GALAXY
1237674649391595628,179.510695242763,-0.793371662571203,0.1294345,GALAXY
1237648720693887149,180.020473988913,-0.430982766595321,0.08026797,GALAXY
1237648721230758014,180.022223785024,-0.0748523926871167,0.0814418,GALAXY
1237648720693887153,180.023392486421,-0.495322618007001,0.08050773,GALAXY
1237674649391857798,180.029197577849,-0.674112317249989,0.1796427,GALAXY
1237648722304499850,180.033643942299,0.673853579944546,0.0855497,GALAXY
1237648720157016135,180.035630820249,-0.889362893273008,0.0940584,GALAXY
1237674649928729145,180.03724777586,-0.227950896347963,0.105577,GALAXY
1237648720693887170,180.041312134312,-0.597195578682313,0.1695047,GALAXY
1237648722304499873,180.042406422518,0.707160757083687,0.08657988,GALAXY
1237648722304762051,180.608951165447,0.751266535571927,0.2551003,GALAXY
1237674649392119882,180.622416567673,-0.666901863430247,0.0985812,GALAXY
1237674649928990914,180.623503890881,-0.338993872736278,0.1190529,GALAXY
1237674649928990937,180.62886307898,-0.265180344461774,0.09436972,GALAXY
1237674651539603591,180.630416307057,0.893135073399267,0.1458627,GALAXY
1237674650465861892,180.630626862325,0.145032623328838,0.209981,GALAXY
1237648720693821697,179.840390927549,-0.512238556910217,0.08147936,GALAXY
1237648721767563357,179.841057421916,0.226184671443775,0.1253994,GALAXY
1237648720156950780,179.843241204251,-0.964752290817011,0.2778998,GALAXY
1237648720693887171,180.044077913135,-0.593541256074535,0.1696709,GALAXY
1237674649928728709,180.049192924448,-0.34162833190422,0.07986996,GALAXY
1237648721767628992,180.049280560809,0.397703203516634,0.08656619,GALAXY
1237648720693887193,180.056454505054,-0.421827907811314,0.07673916,GALAXY
1237648722304893223,180.984718437072,0.734596759337131,0.2546733,GALAXY
1237674651002863882,180.986103397386,0.480994724476823,0.2103031,GALAXY
1237648721768022300,180.988003150817,0.332020884593805,0.08165723,GALAXY
1237648720157409547,180.993172294546,-0.995097721188696,0.2222206,GALAXY
1237648721231020227,180.647451645202,-0.113480696086834,0.2025895,GALAXY
1237648721767891542,180.652976145203,0.415185303737891,0.2880087,GALAXY
1237674649392119921,180.655014976425,-0.704709357299051,0.09878291,GALAXY
1237648721767891060,180.657348051927,0.269374821257845,0.1043807,GALAXY
1237674651002732740,180.657805937817,0.472578373987166,0.09969305,GALAXY
1237674651539603606,180.6579955058,0.868900153932067,0.09700327,GALAXY
1237674649928991024,180.722291313093,-0.247075645999862,0.1206847,GALAXY
1237648721767891119,180.72410409162,0.340545621090016,0.09988375,GALAXY
1237674649392120565,180.730157960861,-0.825204746687505,0.09258436,GALAXY
1237648721767956574,180.732133443954,0.399208044510324,0.07831498,GALAXY
1237674650465337459,179.423813843875,0.00862388075876832,0.1272706,GALAXY
1237674650465337456,179.424094316675,0.0243472675213706,0.1300089,GALAXY
1237648720156754040,179.431044992395,-0.871540953148321,0.1317823,GALAXY
1237674650465337472,179.431189998225,0.0234718425276449,0.1285746,GALAXY
1237648720156754059,179.44013750752,-0.909599967502259,0.1300367,GALAXY
1237648720156754065,179.44064897859,-0.967600051713917,0.145929,GALAXY
1237648721767366779,179.444608894513,0.297509552781839,0.1079746,GALAXY
1237648721230495965,179.447109637116,-0.185315357510524,0.1260444,GALAXY
1237648721767366887,179.447461837022,0.222706831231948,0.2710081,GALAXY
1237648721767366789,179.451958406788,0.272164113881293,0.1312131,GALAXY
1237674649391530108,179.280128129869,-0.802165892764034,0.126036,GALAXY
1237648722304172113,179.280176849899,0.719729256907824,0.2831936,GALAXY
1237674650465271936,179.283648913627,0.0470761552594864,0.1313363,QSO
1237648720693559919,179.286116221401,-0.612906786638146,0.1308018,GALAXY
1237648720693559645,179.292285621352,-0.620422421963745,0.1315659,GALAXY
1237648721767301252,179.293930218952,0.211387536383116,0.1316177,GALAXY
1237648720693559942,179.294282577632,-0.515540564750229,0.08323594,GALAXY
1237674650465271943,179.297241106253,0.174964098605647,0.1300412,GALAXY
1237674651002142892,179.303126318696,0.620669982687135,0.1305996,GALAXY
1237674649391530138,179.303384221203,-0.745400615435829,0.08410374,GALAXY
1237648722304237719,179.401100593765,0.80510725418881,0.07756986,GALAXY
1237674651002208317,179.401783370611,0.616485261697382,0.2001802,GALAXY
1237674650465337433,179.403075198286,0.125647016099121,0.1073451,GALAXY
1237674650465337432,179.406479620522,0.125477958930942,0.1075168,GALAXY
1237648721230495913,179.417049789717,-0.0172726710772197,0.1689182,GALAXY
1237648721767366750,179.422251735669,0.283772478879636,0.1082572,GALAXY
1237674650465337462,179.422958194645,0.0110343452004899,0.1261935,GALAXY
1237648722304172292,179.316507085334,0.744635803252736,0.2092305,GALAXY
1237648720156688567,179.316948292329,-0.95414078117409,0.1449492,GALAXY
1237648722304172314,179.3294389674,0.802547768684908,0.1231788,GALAXY
1237648720693559966,179.331360061269,-0.42259961375005,0.1299689,GALAXY
1237648720693690377,179.541880151143,-0.540053517940717,0.1244486,GALAXY
1237674650465337599,179.543904459383,0.0817086900160086,0.1398467,GALAXY
1237648721767432283,179.546842053932,0.228272792507808,0.1060249,GALAXY
1237648720156819593,179.547133449233,-0.856222891673192,0.1633517,GALAXY
1237648721767432297,179.549987958701,0.339310857483314,0.132967,GALAXY
1237674649391661228,179.559324089158,-0.80623593865246,0.1454952,GALAXY
1237648720156819613,179.559524758125,-0.978145294205287,0.1214892,GALAXY
1237648722304303507,179.660368086962,0.708675880873881,0.1998285,GALAXY
1237674651002273952,179.66342824152,0.434725202108923,0.1332267,GALAXY
1237674651002273964,179.670002251752,0.609440421816792,0.09558997,GALAXY
1237674651539144963,179.67114183875,0.842571491868881,0.06464712,GALAXY
1237674651002273976,179.674783032127,0.423059314432679,0.1396352,GALAXY
1237674649928532220,179.675311003166,-0.214217552564453,0.09471276,GALAXY
1237648721767432395,179.676287019597,0.394408034089641,0.08663627,GALAXY
1237648722304303533,179.679239917394,0.695724339583257,0.1995403,GALAXY
1237648720693690699,179.679537625813,-0.611460447435868,0.1786333,GALAXY
1237674651002273983,179.68114404013,0.552395727671568,0.09472753,GALAXY
1237648721767432405,179.681152591563,0.245156886507892,0.1255717,GALAXY
1237648722304368648,179.685735469704,0.826282302916566,0.2020522,GALAXY
1237648720693756115,179.686409850599,-0.602918390468907,0.1767099,GALAXY
1237674651002273992,179.687074813854,0.58906019725823,0.09539797,GALAXY
1237648720693952624,180.162833286509,-0.494806648609194,0.08187429,GALAXY
1237648721230823541,180.166423852426,-0.13440996922395,0.07988428,GALAXY
1237648721230823542,180.167809561352,-0.133362604203782,0.162943,GALAXY
1237648721767694502,180.16937195354,0.398115512966525,0.08121167,GALAXY
1237648721767694500,180.169475726512,0.229540351895452,0.1084199,GALAXY
1237648721230823554,180.170477715339,-0.0391871008640089,0.09409562,GALAXY
1237674651002536077,180.173810096632,0.613010230854521,0.1248876,GALAXY
1237674649928794219,180.176735646197,-0.231122264616218,0.08058569,GALAXY
1237674651002536086,180.182791222999,0.620998820847324,0.1100556,GALAXY
1237648720157081835,180.18352940828,-0.91348388631281,0.2059249,GALAXY
1237674651539406941,180.183629631168,0.931519782941734,0.1255528,GALAXY
1237648720157081836,180.183668773048,-0.91436231624101,0.2061057,GALAXY
1237648721231085688,180.768474662838,-0.124293051176338,0.1222394,GALAXY
1237674649392185490,180.777934385932,-0.808646583149373,0.1142007,GALAXY
1237648721231085704,180.783367018545,-0.0673266352594998,0.07526869,GALAXY
1237648721767956514,180.791316291226,0.319245418718656,0.08648984,GALAXY
1237674651539669079,180.792302142908,0.928151309521673,0.2419445,GALAXY
1237648721231085718,180.805720540467,-0.162733109332532,0.1099264,GALAXY
1237674651539669097,180.809173556454,0.847396989717124,0.07806277,GALAXY
1237674649929056397,180.809712867274,-0.213867370404757,0.1613978,GALAXY
1237674651539669184,180.810862870361,0.872505263789034,0.07783926,GALAXY
1237648721231085724,180.813988692598,-0.188706136434217,0.1108167,GALAXY
1237674649929056409,180.817319672921,-0.304877278125535,0.1790947,GALAXY
1237674651539603492,180.688002475137,0.99564013479172,0.08225957,GALAXY
1237674649928991005,180.69267738349,-0.247228310746209,0.09409438,GALAXY
1237648721767891077,180.693793815617,0.367665133316295,0.07746531,GALAXY
1237674649928991006,180.694336321171,-0.247548700853867,0.09361058,GALAXY
1237648722304761998,180.703672218188,0.691482635912925,0.08188177,GALAXY
1237648720157278404,180.710228082149,-0.939910622106011,0.09908894,GALAXY
1237648720157278410,180.710467535979,-0.870588577805775,0.1149253,GALAXY
1237674649392119951,180.712066948192,-0.804148992051358,0.09839684,GALAXY
1237648722304172241,179.245283694649,0.677268711442571,0.133049,GALAXY
1237674649391464629,179.248361882345,-0.765270525979414,0.1414765,GALAXY
1237674651002077394,179.25044221717,0.452720075386,0.1310893,GALAXY
1237674650465271926,179.261998650496,0.154762367168118,0.227986,GALAXY
1237674649928270017,179.041194618721,-0.32581333294161,0.2601052,GALAXY
1237674650465140935,179.042820697514,0.113781728032906,0.1291703,GALAXY
1237674649928270199,179.044665713675,-0.251743649715419,0.226077,GALAXY
1237674649928270001,179.045049512819,-0.350228520078525,0.2562974,GALAXY
1237648720693428411,179.048009828067,-0.549562724679959,0.1628183,GALAXY
1237674649928270027,179.048067621115,-0.210241642636999,0.1121517,GALAXY
1237674649391399107,179.049446191059,-0.662987737951192,0.10483,GALAXY
1237674649928270041,179.05179816781,-0.22483660879515,0.1056141,GALAXY
1237648721767170320,179.054722941691,0.379439315600606,0.227271,GALAXY
1237648720156557343,179.054956796471,-0.984921166663792,0.1207669,GALAXY
1237674649391399113,179.059214066065,-0.661804660433045,0.1054812,GALAXY
1237674649391399120,179.064212709518,-0.743437306829329,0.1064943,GALAXY
1237648721230299380,179.065215219935,-0.20552154753775,0.1324044,GALAXY
1237648721230299182,179.01350142748,-0.0434682443338103,0.07723518,GALAXY
1237674650465140907,179.018265579766,0.199327421041301,0.07731517,GALAXY
1237648720693428272,179.021773985461,-0.512797454496176,0.1059328,GALAXY
1237674649928270612,179.022586500689,-0.227815276124451,0.2032114,GALAXY
1237648720693428393,179.025961751945,-0.515562654779728,0.1069132,GALAXY
1237674651538882717,179.028315331489,0.991583101303978,0.0659776,GALAXY
1237648721767170243,179.028416583965,0.403910448528916,0.07831088,GALAXY
1237648722304041090,179.029259448329,0.706290654629854,0.1030932,GALAXY
1237674651002012195,179.029645284706,0.485680093896816,0.129668,GALAXY
1237648721230299335,179.030877579112,-0.173326128683137,0.1335168,GALAXY
1237648720693428467,179.032685469432,-0.507183018967975,0.2619513,GALAXY
1237674649928270686,179.037822359684,-0.377661479279348,0.246603,GALAXY
1237674649391792314,179.927055628861,-0.696167588416621,0.1694648,GALAXY
1237648721230692532,179.928178814,-0.0478116591307641,0.1081091,GALAXY
1237648721230692538,179.929061350764,-0.040068657319958,0.1089733,GALAXY
1237648722304434307,179.934765077323,0.635369672774249,0.1029183,GALAXY
1237674651539275963,179.9368681473,0.941235513865367,0.1008688,GALAXY
1237674651539275826,179.938755560939,0.922076563869941,0.2396138,GALAXY
1237674649391792870,179.939198370207,-0.632091653032469,0.1708537,GALAXY
1237674651002405033,179.941345958926,0.579030192435545,0.1053215,GALAXY
1237674649928663343,179.942313964925,-0.333786767805644,0.1543516,GALAXY
1237648721230692563,179.942558479762,-0.132848607673779,0.07565793,GALAXY
1237674649928663256,179.953436910914,-0.418275939378755,0.1632874,GALAXY
1237648720693756163,179.718015380018,-0.530204164688646,0.1250898,GALAXY
1237674649391726670,179.719328670179,-0.753523409905133,0.07556359,GALAXY
1237648720156885196,179.727414552208,-0.905394567259694,0.165523,GALAXY
1237654670822342804,179.739594959444,0.425552815361058,0.07641456,GALAXY
1237674650465468669,179.740768147452,0.168704454668454,0.1571575,GALAXY
1237648722304368781,179.745396104194,0.775655049991143,0.07580867,GALAXY
1237674649391726692,179.745575957642,-0.734392290631595,0.08152597,GALAXY
1237648720694084394,180.577501607477,-0.467578797983097,0.2280577,QSO
1237674651002667364,180.588996739638,0.619166661383693,0.1095759,GALAXY
1237674651002667157,180.596350448294,0.591682077621069,0.2454045,GALAXY
1237648722304630949,180.302457680028,0.676031162763939,0.2460785,GALAXY
1237648720694018490,180.304823149377,-0.549709310799626,0.2027144,GALAXY
1237674649928859774,180.30565188517,-0.222637883913451,0.1792283,GALAXY
1237648721230889115,180.307077839986,-0.187448506767141,0.1683727,GALAXY
1237674651539472478,180.311491858204,0.939822263469293,0.08527029,GALAXY
1237648722304630815,180.312384759594,0.77884322788252,0.07837124,GALAXY
1237674651002601658,180.315238098015,0.497922471271286,0.08465419,GALAXY
1237674651539472492,180.315807889222,0.897183562454278,0.08521476,GALAXY
1237648720157147371,180.321403887451,-0.978126496646666,0.1792064,GALAXY
1237648721230889124,180.321520412253,-0.0583783202226682,0.1628091,GALAXY
1237674651002601671,180.326573157702,0.540065699021224,0.07698782,GALAXY
1237674649928728738,180.074794251523,-0.215871164232177,0.08146055,GALAXY
1237674651002470467,180.075179578599,0.543608809951124,0.105237,GALAXY
1237674650465599639,180.080146033248,0.134019141044367,0.08671725,GALAXY
1237648721767629507,180.082985806923,0.238359261817516,0.109032,GALAXY
1237648722304499908,180.084992328011,0.797884770611437,0.1398223,GALAXY
1237674649391857718,180.08870950143,-0.693155004887123,0.1792207,GALAXY
1237674649928728755,180.091676657728,-0.231007280715162,0.205534,GALAXY
1237674651002470620,180.093617204362,0.556913938260812,0.1250698,GALAXY
1237674649928728762,180.093984349821,-0.282822294081367,0.1308324,GALAXY
1237648722304499918,180.094835263515,0.794859169653704,0.139797,GALAXY
1237674649929121868,180.909686411474,-0.352760394126972,0.119855,GALAXY
1237674651002864101,180.915388419922,0.595055469083691,0.1620374,GALAXY
1237674650465992812,180.92025753659,0.0088290928277681,0.08435579,GALAXY
1237674649929121880,180.920483669821,-0.325944337709187,0.1303898,GALAXY
1237674651539669142,180.880404011445,0.850941038547223,0.07815591,GALAXY
1237648720157409521,180.8835601959,-0.995705575736485,0.1152978,GALAXY
1237674650465927341,180.889401447634,0.150314047415691,0.160924,GALAXY
1237648720694280340,180.891376787019,-0.582601663881477,0.1701309,GALAXY
1237648721231151114,180.899577350404,-0.15703791306428,0.1095285,GALAXY
1237674651539734603,180.899988114524,0.911548961549309,0.1473754,GALAXY
1237648721230823835,180.245631510448,-0.151259163749183,0.1804112,GALAXY
1237674651539406987,180.253750348289,0.862320140890661,0.08605838,GALAXY
1237674649391923370,180.258134882695,-0.676641147177127,0.07671086,GALAXY
1237648721767694580,180.260009589539,0.260971657325663,0.2510791,GALAXY
1237674649391923378,180.269728031719,-0.787628153007917,0.1407882,GALAXY
1237674650465665257,180.270296877679,0.0797693617979175,0.07960711,GALAXY
1237674649391923377,180.270502547162,-0.782160683699525,0.1406939,GALAXY
1237674649928794307,180.271363401451,-0.328217741592147,0.2034241,GALAXY
1237648721230823771,180.271342244615,-0.0347882546183625,0.1671413,GALAXY
1237674649928925403,180.520881237707,-0.364881296969988,0.2002823,GALAXY
1237648722304696396,180.5234094902,0.661419980131142,0.07826652,GALAXY
1237648720694083715,180.52436307451,-0.431882352517353,0.1206789,GALAXY
1237674651002667289,180.526509278374,0.574638233945544,0.06454135,GALAXY
1237674651539538063,180.5269269619,0.920991347431956,0.1634419,GALAXY
1237674649928925417,180.527986207449,-0.241529736779221,0.2489565,GALAXY
1237674650465796266,180.533969657954,0.0368431984207563,0.09384583,GALAXY
1237674649928925427,180.535224470396,-0.236922242265899,0.09247886,GALAXY
1237648720694083747,180.543947890728,-0.588891689414106,0.09397519,GALAXY
1237648722304696704,180.545883464069,0.692937715181091,0.1301984,GALAXY
1237674649392054444,180.546947182836,-0.707029488185621,0.07675398,GALAXY
1237674651002667155,180.548731594728,0.558602840672102,0.07792728,GALAXY
1237648721230954739,180.549695680274,-0.0521311415521439,0.1092479,GALAXY
1237674650465796272,180.555244592209,0.018632561021223,0.08168501,GALAXY
1237648720694083770,180.562228078034,-0.492016214591892,0.1301625,GALAXY
1237648720157212792,180.562815799448,-0.978921221329372,0.1151203,GALAXY
1237674650465796279,180.568072431863,0.104224406415219,0.07879348,GALAXY
1237648721230954756,180.570336724652,-0.0794074050837575,0.1083459,GALAXY
1237674649928925456,180.570640813689,-0.351534362589622,0.1677295,GALAXY
1237674651002142866,179.26875636859,0.556863793286882,0.09561547,GALAXY
1237648721230299377,179.06897941469,-0.204237577327392,0.1055758,GALAXY
1237674649928270062,179.069841368907,-0.3725161737436,0.1091596,GALAXY
1237674650465140966,179.070528278659,0.177664913449333,0.08543237,GALAXY
1237674650465140958,179.071294728011,0.0556831724475716,0.06500546,GALAXY
1237674649391398998,179.0712759808,-0.747547534919365,0.169245,GALAXY
1237648720156557509,179.071941177664,-0.975030845116808,0.1097207,GALAXY
1237648722304041631,179.074308778803,0.794478023180535,0.2747933,GALAXY
1237674649928270103,179.076812545897,-0.304081634812417,0.06394932,GALAXY
1237674649928270240,179.080096249663,-0.399092057156033,0.2583476,GALAXY
1237648721230364701,179.087886399706,-0.0282571907469539,0.1693009,GALAXY
1237674649391399137,179.087941269932,-0.705910219693548,0.06910618,GALAXY
1237674649928270129,179.094261382626,-0.302737097932605,0.06393917,GALAXY
1237648720156622956,179.094607214861,-0.984512886486426,0.1244986,GALAXY
1237648721230495987,179.455768890464,-0.0794030079920809,0.1058079,GALAXY
1237674650465337512,179.456534214872,0.0345574351420958,0.126528,GALAXY
1237648721230495989,179.456818203457,-0.135718322020145,0.1072953,GALAXY
1237648722304237769,179.458943853815,0.82375884886871,0.06520312,GALAXY
1237674650465337517,179.460637423488,0.0609952899162417,0.1690283,GALAXY
1237674651002208410,179.463081305421,0.498439499324731,0.2356698,GALAXY
1237674649391595608,179.466511120913,-0.689391600199124,0.125621,GALAXY
1237648721230495996,179.466560542473,-0.165688486449166,0.1645578,GALAXY
1237674651539079348,179.467765315649,0.857951268715337,0.1059072,GALAXY
1237648721767366893,179.468089467256,0.334517960557805,0.2702594,GALAXY
1237674651539079359,179.476357901558,0.913595674681991,0.1302767,GALAXY
1237648720156754089,179.476362614438,-0.970021952859868,0.1473231,GALAXY
1237648721767366810,179.478462502384,0.225801069209152,0.1081782,GALAXY
1237648720156754092,179.47928420153,-0.910149338994273,0.1643923,GALAXY
1237648721767366706,179.481125508073,0.284449699552284,0.2605557,QSO
1237648721230823702,180.216637721368,-0.0706521473697471,0.1080858,GALAXY
1237648720693952670,180.217639713177,-0.458138709412039,0.1511658,GALAXY
1237648722304565279,180.221230906184,0.813847609229611,0.0816094,GALAXY
1237648720157081634,180.221467866254,-0.921373926160009,0.1088364,GALAXY
1237648722304565409,180.235083396245,0.793088943402644,0.08141252,GALAXY
1237674651539406976,180.237906749558,0.845836615692868,0.1473342,GALAXY
1237648722304565416,180.239494867744,0.787705140042923,0.10045,GALAXY
1237648720693755918,179.689293428393,-0.454379058425512,0.09484052,GALAXY
1237674651539144971,179.69036947963,0.988962185150108,0.06391491,GALAXY
1237674649928532846,179.695232722278,-0.281762623895508,0.08443831,GALAXY
1237674650465730736,180.441059331577,0.169640319885449,0.1628341,GALAXY
1237648721767825414,180.441466237826,0.245500547257824,0.1044149,GALAXY
1237648720694083665,180.443170347732,-0.487592216268361,0.1678391,GALAXY
1237648722304696440,180.450954020446,0.693903908659069,0.1251869,GALAXY
1237648722304696860,180.457962724531,0.638310285323542,0.09966375,GALAXY
1237648721230954664,180.466267822745,-0.094326118042671,0.07979167,GALAXY
1237648720694083696,180.496629144401,-0.427449686104098,0.1202664,GALAXY
1237674651002667276,180.502569292289,0.582931257738175,0.07806252,GALAXY
1237674651002667347,180.508952542546,0.551684417640796,0.2571225,GALAXY
1237648721230954703,180.51043458586,-0.0117462327311806,0.1666348,GALAXY
1237674649392119930,180.676341619399,-0.805899755589208,0.09901275,GALAXY
1237674651539603629,180.677326627104,0.887726663365252,0.09460832,GALAXY
1237648720694149293,180.682063715888,-0.465998593518867,0.08277161,GALAXY
1237674649391857829,180.058667277199,-0.777421225538849,0.1793873,QSO
1237674649928728729,180.060048978977,-0.302321195704728,0.09473002,GALAXY
1237674649391857891,180.06017449068,-0.774428384819103,0.1792205,GALAXY
1237674650465599597,180.060964053243,0.0388345869214607,0.1064584,GALAXY
1237674650465599608,180.062659527151,0.126634834143587,0.1782645,GALAXY
1237674651002470604,180.066097653283,0.628488998416803,0.08581226,GALAXY
1237674649391857893,180.066693632099,-0.742712984144324,0.08254186,GALAXY
1237648721230757940,180.067720963921,-0.143700357019084,0.08019324,GALAXY
1237648721767629004,180.069830871219,0.405080779233047,0.07740269,GALAXY
1237674651539669109,180.823507525485,0.899252376796191,0.07829393,GALAXY
1237674651539669113,180.825047266409,0.919911784241853,0.07848636,GALAXY
1237648721767628902,180.129445679152,0.324195718365507,0.2470216,GALAXY
1237648721767629060,180.130015981604,0.374693837608184,0.08103441,GALAXY
1237648720693952587,180.137932307361,-0.543522149346502,0.08375306,GALAXY
1237648720693952589,180.138283520507,-0.591523474572793,0.08261096,GALAXY
1237674649391857874,180.139428566104,-0.734070679246824,0.06273219,GALAXY
1237648721230823502,180.139902543654,-0.193455324282186,0.08101622,GALAXY
1237648720693952601,180.143770456399,-0.552372782072934,0.08400331,GALAXY
1237674651539341455,180.145774247763,0.921543635498194,0.08602432,GALAXY
1237674651002470708,180.148207793632,0.540518334283245,0.2823618,GALAXY
1237648720693952615,180.150094955626,-0.526905429617928,0.08266269,GALAXY
1237648720157081698,180.151337225782,-0.979024699232339,0.06035833,GALAXY
1237674650465665131,180.157009720669,0.0238998897844396,0.09491483,GALAXY
1237648720693428376,179.000059337094,-0.576022344156225,0.06444607,GALAXY
1237648721230299286,179.001632930438,-0.103675249413656,0.06476804,GALAXY
1237674651538882680,179.002422063729,0.840808810830149,0.06563144,GALAXY
1237674650465140885,179.003302022296,0.00371163931913636,0.1061513,GALAXY
1237648720156557484,179.005979711608,-0.931549536819225,0.1210058,GALAXY
1237674649391399264,179.007141220952,-0.794908378836384,0.1697208,GALAXY
1237674649928269977,179.007201745006,-0.217993033404619,0.1083817,GALAXY
1237674649928269978,179.010504320717,-0.218641958996794,0.1133218,GALAXY
1237648722304106617,179.188130481931,0.742289993685177,0.07797883,GALAXY
1237674651538948161,179.188815410639,0.966276619292056,0.06234867,GALAXY
1237648720156623035,179.192043400098,-0.873253315069872,0.126,GALAXY
1237674650465206439,179.195834633189,0.0342457520523714,0.2263903,GALAXY
1237648721230364945,179.198446681872,-0.0621863209965106,0.1700602,GALAXY
1237674649391465039,179.20015028903,-0.645819220463501,0.2490373,GALAXY
1237674651002077368,179.202726460485,0.446046437337904,0.06093347,GALAXY
1237648721230364951,179.208529442493,-0.162343166229985,0.1050387,GALAXY
1237648720156623101,179.209916692728,-0.888545404172635,0.1275946,GALAXY
1237674650465206450,179.210095815069,0.163693628273378,0.09527272,GALAXY
1237674651002602165,180.412104703365,0.583883387180768,0.1318482,GALAXY
1237674649928859871,180.416705393478,-0.415043747869497,0.1690468,GALAXY
1237674651539472546,180.41729677616,0.860752374454319,0.1106062,GALAXY
1237648721230889235,180.419930056269,-0.202359670589442,0.1729795,GALAXY
1237674650465730728,180.431103873335,0.183121723172314,0.1043577,GALAXY
1237648721230954604,180.431930484993,-0.18722175037369,0.1637342,GALAXY
1237648721230954603,180.431949416238,-0.184488527758499,0.1669385,GALAXY
1237648721230364770,179.221362946357,-0.107662033363521,0.1320113,GALAXY
1237674650465206467,179.224551140678,0.193419501637373,0.1668172,GALAXY
1237648722304106654,179.228718199236,0.72389892731,0.07795306,GALAXY
1237648720156623059,179.22975100212,-0.984142290438884,0.1261027,GALAXY
1237648721230430324,179.236127565259,-0.0867852531458146,0.1289537,GALAXY
1237674649391464519,179.241198667967,-0.740523337483755,0.1259422,GALAXY
1237648722304172229,179.241255711141,0.711672923881666,0.07653059,GALAXY
1237648721767563389,179.895765767824,0.343291107701103,0.1080196,GALAXY
1237674650465534131,179.897807901212,0.185588862599279,0.1786593,GALAXY
1237648721767563397,179.898219585019,0.240869730918738,0.2011528,GALAXY
1237648720693821757,179.901350492543,-0.47829260806889,0.1747471,GALAXY
1237674651002405003,179.909543634786,0.485230760254888,0.06903249,GALAXY
1237648721767563415,179.915777588215,0.391723530688949,0.06927862,GALAXY
1237648721767563422,179.921720374046,0.259619546557451,0.07601459,GALAXY
1237648720693821516,179.923439565495,-0.531649711836704,0.1782399,GALAXY
1237648722304303378,179.571853317114,0.767273537112532,0.07802294,GALAXY
1237674649391661241,179.57356011876,-0.634171882191338,0.1209793,GALAXY
1237648722304303393,179.581459795877,0.700738509381145,0.2018754,GALAXY
1237648720693690548,179.582698577848,-0.434571436649249,0.1248179,GALAXY
1237648721767432325,179.585792031902,0.351116819875138,0.08671796,GALAXY
1237648721230561471,179.586876675198,-0.0847505304450485,0.10595,GALAXY
1237674651002274018,179.588754555794,0.618363490741919,0.2718964,GALAXY
1237648722304303397,179.589799393555,0.665528649874847,0.07714342,GALAXY
1237648721230561324,179.590184465208,-0.028475679372524,0.2584586,GALAXY
1237648721230561375,179.595521607156,-0.0600737361521783,0.1070096,GALAXY
1237674650465403041,179.595909224273,0.175288632551207,0.1083771,GALAXY
1237674650465403044,179.596135085021,0.0816718878923715,0.1639157,GALAXY
1237648721767432338,179.596818426032,0.407531872220194,0.07684836,GALAXY
1237674651002273886,179.597273673697,0.50099759483452,0.08100663,GALAXY
1237674651002273889,179.597491831558,0.551893184121083,0.0764087,GALAXY
1237674651002273920,179.634383286645,0.598248380601315,0.07641793,GALAXY
1237674650465403058,179.634482901463,0.0541681205704415,0.05694351,GALAXY
1237648721230561564,179.640151220282,-0.0838038534628712,0.1066886,GALAXY
1237648721767432442,179.643587938093,0.23559472414255,0.191315,GALAXY
1237648722304303594,179.643885843841,0.733131815188157,0.1996435,GALAXY
1237648722304303484,179.646642918932,0.767597644994565,0.0863431,GALAXY
1237674649391661340,179.648355001189,-0.73889805826102,0.1242363,GALAXY
1237648721767432251,179.649996157002,0.342632063623472,0.1396517,GALAXY
1237648722304303496,179.652413089863,0.643678259238182,0.130873,GALAXY
1237674649391661347,179.654723056726,-0.787792137225404,0.08062554,GALAXY
1237648720693690602,179.657253397678,-0.470187132164294,0.08380923,GALAXY
1237674651002536168,180.273748772955,0.459705692018677,0.0617091,GALAXY
1237648721230823776,180.275790063606,-0.117109162313243,0.1651028,GALAXY
1237648722304565436,180.276161797799,0.799428464991694,0.08490854,GALAXY
1237648721230823777,180.276699144051,-0.114819189103526,0.1648915,GALAXY
1237674649928794312,180.278032412847,-0.320063060042104,0.1002161,GALAXY
1237648721230889104,180.293699266259,-0.0334770609912084,0.165309,GALAXY
1237648721230889322,180.30036909437,-0.0158975646155673,0.1087424,GALAXY
1237648720694018167,180.393637887057,-0.494671298923283,0.1198591,GALAXY
1237648721767760039,180.393710440849,0.374530859044174,0.104207,GALAXY
1237648721230889227,180.394051913852,-0.0874951775764017,0.1629927,GALAXY
1237674651539472433,180.400137857266,0.981687019576786,0.08509616,GALAXY
1237674650465730714,180.40687958608,0.0847718637599791,0.1309347,GALAXY
1237648720694018183,180.40962746563,-0.463624609870548,0.168108,GALAXY
1237674650465796146,180.467161746374,0.0694338356004253,0.1624981,GALAXY
1237674649392054382,180.47454300936,-0.72682016875363,0.07745789,GALAXY
1237674651002667263,180.481313796681,0.590522644826438,0.07536303,GALAXY
1237674649928925349,180.481962769616,-0.348772673530635,0.1205678,GALAXY
1237648722304696467,180.483828324919,0.830159649935925,0.1112607,GALAXY
1237674651539538015,180.483998138895,0.963744527749012,0.2426698,GALAXY
1237674651002667268,180.49066026541,0.613360551407882,0.0786062,GALAXY
1237674649928925366,180.491838835918,-0.320079092939298,0.09395093,GALAXY
1237674649928925378,180.493562791921,-0.387420025003653,0.09399267,GALAXY
1237648720156688532,179.276451558667,-0.977204616613808,0.07698749,GALAXY
